Workbook

Sheet Daily_AQI
A1: DATE | B1: PM2.5 | C1: PM10 | D1: NO2 | E1: SO2 | F1: CO | G1: Ozone | H1: AQI_PM2.5 | I1: AQI_PM10 | J1: AQI_NO2 | K1: AQI_SO2 | L1: AQI_CO | M1: AQI_O3 | N1: OVERALL_AQI | O1: CATEGORY | P1: DOMINAN_ POLLUTANT
A2: 45292 | B2: =ROUND(AVERAGEIFS([1]HOURLY_DATA!B2:B8785,[1]HOURLY_DATA!H2:H8785,Daily_AQI!A2),0) -> 42 | C2: =ROUND(AVERAGEIFS([1]HOURLY_DATA!C2:C8785,[1]HOURLY_DATA!H2:H8785,Daily_AQI!A2),0) -> 88 | D2: =ROUND(AVERAGEIFS([1]HOURLY_DATA!D2:D8785,[1]HOURLY_DATA!H2:H8785,Daily_AQI!A2),0) -> 18 | E2: =ROUND(AVERAGEIFS([1]HOURLY_DATA!E2:E8785,[1]HOURLY_DATA!H2:H8785,Daily_AQI!A2),0) -> 8 | F2: =ROUND(AVERAGEIFS([1]HOURLY_DATA!I2:I8785,[1]HOURLY_DATA!H2:H8785,Daily_AQI!A2),2) -> 0.62 | G2: =ROUND(AVERAGEIFS([1]HOURLY_DATA!J2:J8785,[1]HOURLY_DATA!H2:H8785,Daily_AQI!A2),0) -> 34 | H2: =ROUND(((_xlfn.XLOOKUP(B2,[1]!PM2.5[BLO],[1]!PM2.5[IHI],,-1) - _xlfn.XLOOKUP(B2,[1]!PM2.5[BLO],[1]!PM2.5[ILO],,-1)) / (_xlfn.XLOOKUP(B2,[1]!PM2.5[BLO],[1]!PM2.5[BHI],,-1) - _xlfn.XLOOKUP(B2,[1]!PM2.5[BLO],[1]!PM2.5[BLO],,-1))) * (B2 - _xlfn.XLOOKUP(B2,[1]!PM2.5[BLO],[1]!PM2.5[BLO],,-1)) + _xlfn.XLOOKUP(B2,[1]!PM2.5[BLO],[1]!PM2.5[ILO],,-1),2) -> 69.59 | I2: =ROUND(((_xlfn.XLOOKUP(C2,[1]!PM_10[BLO],[1]!PM_10[IHI],,-1) - _xlfn.XLOOKUP(C2,[1]!PM_10[BLO],[1]!PM_10[ILO],,-1)) / (_xlfn.XLOOKUP(C2,[1]!PM_10[BLO],[1]!PM_10[BHI],,-1) - _xlfn.XLOOKUP(C2,[1]!PM_10[BLO],[1]!PM_10[BLO],,-1))) * ( C2 - _xlfn.XLOOKUP(C2,[1]!PM_10[BLO],[1]!PM_10[BLO],,-1)) + _xlfn.XLOOKUP(C2,[1]!PM_10[BLO],[1]!PM_10[ILO],,-1),2) -> 88 | J2: =ROUND((( _xlfn.XLOOKUP(D2,[1]!NO_2[BLO],[1]!NO_2[IHI],,-1) - _xlfn.XLOOKUP(D2,[1]!NO_2[BLO],[1]!NO_2[ILO],,-1)) / ( _xlfn.XLOOKUP(D2,[1]!NO_2[BLO],[1]!NO_2[BHI],,-1) - _xlfn.XLOOKUP(D2,[1]!NO_2[BLO],[1]!NO_2[BLO],,-1) )) * ( D2 - _xlfn.XLOOKUP(D2,[1]!NO_2[BLO],[1]!NO_2[BLO],,-1)) + _xlfn.XLOOKUP(D2,[1]!NO_2[BLO],[1]!NO_2[ILO],,-1),2) -> 22.5 | K2: =ROUND(( ( _xlfn.XLOOKUP(E2,[1]!SO_2[BLO],[1]!SO_2[IHI],,-1) - _xlfn.XLOOKUP(E2,[1]!SO_2[BLO],[1]!SO_2[ILO],,-1) ) / ( _xlfn.XLOOKUP(E2,[1]!SO_2[BLO],[1]!SO_2[BHI],,-1)- _xlfn.XLOOKUP(E2,[1]!SO_2[BLO],[1]!SO_2[BLO],,-1) )) * ( E2 - _xlfn.XLOOKUP(E2,[1]!SO_2[BLO],[1]!SO_2[BLO],,-1) ) + _xlfn.XLOOKUP(E2,[1]!SO_2[BLO],[1]!SO_2[ILO],,-1),2) -> 10 | L2: =( ( _xlfn.XLOOKUP(F2,[1]!CO[BLO],[1]!CO[IHI],,-1) - _xlfn.XLOOKUP(F2,[1]!CO[BLO],[1]!CO[ILO],,-1) ) / ( _xlfn.XLOOKUP(F2,[1]!CO[BLO],[1]!CO[BHI],,-1) - _xlfn.XLOOKUP(F2,[1]!CO[BLO],[1]!CO[BLO],,-1))) * ( F2 - _xlfn.XLOOKUP(F2,[1]!CO[BLO],[1]!CO[BLO],,-1) ) + _xlfn.XLOOKUP(F2,[1]!CO[BLO],[1]!CO[ILO],,-1) -> 31 | M2: =(( _xlfn.XLOOKUP(G2,[1]!O_3[BLO],[1]!O_3[IHI],,-1) - _xlfn.XLOOKUP(G2,[1]!O_3[BLO],[1]!O_3[ILO],,-1)) / ( _xlfn.XLOOKUP(G2,[1]!O_3[BLO],[1]!O_3[BHI],,-1) - _xlfn.XLOOKUP(G2,[1]!O_3[BLO],[1]!O_3[BLO],,-1))) * ( G2 - _xlfn.XLOOKUP(G2,[1]!O_3[BLO],[1]!O_3[BLO],,-1)) + _xlfn.XLOOKUP(G2,[1]!O_3[BLO],[1]!O_3[ILO],,-1) -> 34 | N2: =MAX(DAILY_DATA[[#This Row],[AQI_PM2.5]:[AQI_O3]]) -> 88 | O2: =_xlfn.XLOOKUP(DAILY_DATA[[#This Row],[OVERALL_AQI]],[1]!CATEGORY[AQI_LO],[1]!CATEGORY[CATEGORY],,-1) -> Satisfactory | P2: {=INDEX( {"PM2.5","PM10","NO2","SO2","CO","O3"}, MATCH(N2,H2:M2,0) )} -> PM10
A3: 45293 | B3: =ROUND(AVERAGEIFS([1]HOURLY_DATA!B3:B8786,[1]HOURLY_DATA!H3:H8786,Daily_AQI!A3),0) -> 45 | C3: =ROUND(AVERAGEIFS([1]HOURLY_DATA!C3:C8786,[1]HOURLY_DATA!H3:H8786,Daily_AQI!A3),0) -> 96 | D3: =ROUND(AVERAGEIFS([1]HOURLY_DATA!D3:D8786,[1]HOURLY_DATA!H3:H8786,Daily_AQI!A3),0) -> 18 | E3: =ROUND(AVERAGEIFS([1]HOURLY_DATA!E3:E8786,[1]HOURLY_DATA!H3:H8786,Daily_AQI!A3),0) -> 7 | F3: =ROUND(AVERAGEIFS([1]HOURLY_DATA!I3:I8786,[1]HOURLY_DATA!H3:H8786,Daily_AQI!A3),2) -> 0.66 | G3: =ROUND(AVERAGEIFS([1]HOURLY_DATA!J3:J8786,[1]HOURLY_DATA!H3:H8786,Daily_AQI!A3),0) -> 35 | H3: =ROUND(((_xlfn.XLOOKUP(B3,[1]!PM2.5[BLO],[1]!PM2.5[IHI],,-1) - _xlfn.XLOOKUP(B3,[1]!PM2.5[BLO],[1]!PM2.5[ILO],,-1)) / (_xlfn.XLOOKUP(B3,[1]!PM2.5[BLO],[1]!PM2.5[BHI],,-1) - _xlfn.XLOOKUP(B3,[1]!PM2.5[BLO],[1]!PM2.5[BLO],,-1))) * (B3 - _xlfn.XLOOKUP(B3,[1]!PM2.5[BLO],[1]!PM2.5[BLO],,-1)) + _xlfn.XLOOKUP(B3,[1]!PM2.5[BLO],[1]!PM2.5[ILO],,-1),2) -> 74.66 | I3: =ROUND(((_xlfn.XLOOKUP(C3,[1]!PM_10[BLO],[1]!PM_10[IHI],,-1) - _xlfn.XLOOKUP(C3,[1]!PM_10[BLO],[1]!PM_10[ILO],,-1)) / (_xlfn.XLOOKUP(C3,[1]!PM_10[BLO],[1]!PM_10[BHI],,-1) - _xlfn.XLOOKUP(C3,[1]!PM_10[BLO],[1]!PM_10[BLO],,-1))) * ( C3 - _xlfn.XLOOKUP(C3,[1]!PM_10[BLO],[1]!PM_10[BLO],,-1)) + _xlfn.XLOOKUP(C3,[1]!PM_10[BLO],[1]!PM_10[ILO],,-1),2) -> 96 | J3: =ROUND((( _xlfn.XLOOKUP(D3,[1]!NO_2[BLO],[1]!NO_2[IHI],,-1) - _xlfn.XLOOKUP(D3,[1]!NO_2[BLO],[1]!NO_2[ILO],,-1)) / ( _xlfn.XLOOKUP(D3,[1]!NO_2[BLO],[1]!NO_2[BHI],,-1) - _xlfn.XLOOKUP(D3,[1]!NO_2[BLO],[1]!NO_2[BLO],,-1) )) * ( D3 - _xlfn.XLOOKUP(D3,[1]!NO_2[BLO],[1]!NO_2[BLO],,-1)) + _xlfn.XLOOKUP(D3,[1]!NO_2[BLO],[1]!NO_2[ILO],,-1),2) -> 22.5 | K3: =ROUND(( ( _xlfn.XLOOKUP(E3,[1]!SO_2[BLO],[1]!SO_2[IHI],,-1) - _xlfn.XLOOKUP(E3,[1]!SO_2[BLO],[1]!SO_2[ILO],,-1) ) / ( _xlfn.XLOOKUP(E3,[1]!SO_2[BLO],[1]!SO_2[BHI],,-1)- _xlfn.XLOOKUP(E3,[1]!SO_2[BLO],[1]!SO_2[BLO],,-1) )) * ( E3 - _xlfn.XLOOKUP(E3,[1]!SO_2[BLO],[1]!SO_2[BLO],,-1) ) + _xlfn.XLOOKUP(E3,[1]!SO_2[BLO],[1]!SO_2[ILO],,-1),2) -> 8.75 | L3: =( ( _xlfn.XLOOKUP(F3,[1]!CO[BLO],[1]!CO[IHI],,-1) - _xlfn.XLOOKUP(F3,[1]!CO[BLO],[1]!CO[ILO],,-1) ) / ( _xlfn.XLOOKUP(F3,[1]!CO[BLO],[1]!CO[BHI],,-1) - _xlfn.XLOOKUP(F3,[1]!CO[BLO],[1]!CO[BLO],,-1))) * ( F3 - _xlfn.XLOOKUP(F3,[1]!CO[BLO],[1]!CO[BLO],,-1) ) + _xlfn.XLOOKUP(F3,[1]!CO[BLO],[1]!CO[ILO],,-1) -> 33 | M3: =(( _xlfn.XLOOKUP(G3,[1]!O_3[BLO],[1]!O_3[IHI],,-1) - _xlfn.XLOOKUP(G3,[1]!O_3[BLO],[1]!O_3[ILO],,-1)) / ( _xlfn.XLOOKUP(G3,[1]!O_3[BLO],[1]!O_3[BHI],,-1) - _xlfn.XLOOKUP(G3,[1]!O_3[BLO],[1]!O_3[BLO],,-1))) * ( G3 - _xlfn.XLOOKUP(G3,[1]!O_3[BLO],[1]!O_3[BLO],,-1)) + _xlfn.XLOOKUP(G3,[1]!O_3[BLO],[1]!O_3[ILO],,-1) -> 35 | N3: =MAX(DAILY_DATA[[#This Row],[AQI_PM2.5]:[AQI_O3]]) -> 96 | O3: =_xlfn.XLOOKUP(DAILY_DATA[[#This Row],[OVERALL_AQI]],[1]!CATEGORY[AQI_LO],[1]!CATEGORY[CATEGORY],,-1) -> Satisfactory | P3: {=INDEX( {"PM2.5","PM10","NO2","SO2","CO","O3"}, MATCH(N3,H3:M3,0) )} -> PM10
A4: 45294 | B4: =ROUND(AVERAGEIFS([1]HOURLY_DATA!B4:B8787,[1]HOURLY_DATA!H4:H8787,Daily_AQI!A4),0) -> 44 | C4: =ROUND(AVERAGEIFS([1]HOURLY_DATA!C4:C8787,[1]HOURLY_DATA!H4:H8787,Daily_AQI!A4),0) -> 96 | D4: =ROUND(AVERAGEIFS([1]HOURLY_DATA!D4:D8787,[1]HOURLY_DATA!H4:H8787,Daily_AQI!A4),0) -> 18 | E4: =ROUND(AVERAGEIFS([1]HOURLY_DATA!E4:E8787,[1]HOURLY_DATA!H4:H8787,Daily_AQI!A4),0) -> 8 | F4: =ROUND(AVERAGEIFS([1]HOURLY_DATA!I4:I8787,[1]HOURLY_DATA!H4:H8787,Daily_AQI!A4),2) -> 0.62 | G4: =ROUND(AVERAGEIFS([1]HOURLY_DATA!J4:J8787,[1]HOURLY_DATA!H4:H8787,Daily_AQI!A4),0) -> 37 | H4: =ROUND(((_xlfn.XLOOKUP(B4,[1]!PM2.5[BLO],[1]!PM2.5[IHI],,-1) - _xlfn.XLOOKUP(B4,[1]!PM2.5[BLO],[1]!PM2.5[ILO],,-1)) / (_xlfn.XLOOKUP(B4,[1]!PM2.5[BLO],[1]!PM2.5[BHI],,-1) - _xlfn.XLOOKUP(B4,[1]!PM2.5[BLO],[1]!PM2.5[BLO],,-1))) * (B4 - _xlfn.XLOOKUP(B4,[1]!PM2.5[BLO],[1]!PM2.5[BLO],,-1)) + _xlfn.XLOOKUP(B4,[1]!PM2.5[BLO],[1]!PM2.5[ILO],,-1),2) -> 72.97 | I4: =ROUND(((_xlfn.XLOOKUP(C4,[1]!PM_10[BLO],[1]!PM_10[IHI],,-1) - _xlfn.XLOOKUP(C4,[1]!PM_10[BLO],[1]!PM_10[ILO],,-1)) / (_xlfn.XLOOKUP(C4,[1]!PM_10[BLO],[1]!PM_10[BHI],,-1) - _xlfn.XLOOKUP(C4,[1]!PM_10[BLO],[1]!PM_10[BLO],,-1))) * ( C4 - _xlfn.XLOOKUP(C4,[1]!PM_10[BLO],[1]!PM_10[BLO],,-1)) + _xlfn.XLOOKUP(C4,[1]!PM_10[BLO],[1]!PM_10[ILO],,-1),2) -> 96 | J4: =ROUND((( _xlfn.XLOOKUP(D4,[1]!NO_2[BLO],[1]!NO_2[IHI],,-1) - _xlfn.XLOOKUP(D4,[1]!NO_2[BLO],[1]!NO_2[ILO],,-1)) / ( _xlfn.XLOOKUP(D4,[1]!NO_2[BLO],[1]!NO_2[BHI],,-1) - _xlfn.XLOOKUP(D4,[1]!NO_2[BLO],[1]!NO_2[BLO],,-1) )) * ( D4 - _xlfn.XLOOKUP(D4,[1]!NO_2[BLO],[1]!NO_2[BLO],,-1)) + _xlfn.XLOOKUP(D4,[1]!NO_2[BLO],[1]!NO_2[ILO],,-1),2) -> 22.5 | K4: =ROUND(( ( _xlfn.XLOOKUP(E4,[1]!SO_2[BLO],[1]!SO_2[IHI],,-1) - _xlfn.XLOOKUP(E4,[1]!SO_2[BLO],[1]!SO_2[ILO],,-1) ) / ( _xlfn.XLOOKUP(E4,[1]!SO_2[BLO],[1]!SO_2[BHI],,-1)- _xlfn.XLOOKUP(E4,[1]!SO_2[BLO],[1]!SO_2[BLO],,-1) )) * ( E4 - _xlfn.XLOOKUP(E4,[1]!SO_2[BLO],[1]!SO_2[BLO],,-1) ) + _xlfn.XLOOKUP(E4,[1]!SO_2[BLO],[1]!SO_2[ILO],,-1),2) -> 10 | L4: =( ( _xlfn.XLOOKUP(F4,[1]!CO[BLO],[1]!CO[IHI],,-1) - _xlfn.XLOOKUP(F4,[1]!CO[BLO],[1]!CO[ILO],,-1) ) / ( _xlfn.XLOOKUP(F4,[1]!CO[BLO],[1]!CO[BHI],,-1) - _xlfn.XLOOKUP(F4,[1]!CO[BLO],[1]!CO[BLO],,-1))) * ( F4 - _xlfn.XLOOKUP(F4,[1]!CO[BLO],[1]!CO[BLO],,-1) ) + _xlfn.XLOOKUP(F4,[1]!CO[BLO],[1]!CO[ILO],,-1) -> 31 | M4: =(( _xlfn.XLOOKUP(G4,[1]!O_3[BLO],[1]!O_3[IHI],,-1) - _xlfn.XLOOKUP(G4,[1]!O_3[BLO],[1]!O_3[ILO],,-1)) / ( _xlfn.XLOOKUP(G4,[1]!O_3[BLO],[1]!O_3[BHI],,-1) - _xlfn.XLOOKUP(G4,[1]!O_3[BLO],[1]!O_3[BLO],,-1))) * ( G4 - _xlfn.XLOOKUP(G4,[1]!O_3[BLO],[1]!O_3[BLO],,-1)) + _xlfn.XLOOKUP(G4,[1]!O_3[BLO],[1]!O_3[ILO],,-1) -> 37 | N4: =MAX(DAILY_DATA[[#This Row],[AQI_PM2.5]:[AQI_O3]]) -> 96 | O4: =_xlfn.XLOOKUP(DAILY_DATA[[#This Row],[OVERALL_AQI]],[1]!CATEGORY[AQI_LO],[1]!CATEGORY[CATEGORY],,-1) -> Satisfactory | P4: {=INDEX( {"PM2.5","PM10","NO2","SO2","CO","O3"}, MATCH(N4,H4:M4,0) )} -> PM10
A5: 45295 | B5: =ROUND(AVERAGEIFS([1]HOURLY_DATA!B5:B8788,[1]HOURLY_DATA!H5:H8788,Daily_AQI!A5),0) -> 48 | C5: =ROUND(AVERAGEIFS([1]HOURLY_DATA!C5:C8788,[1]HOURLY_DATA!H5:H8788,Daily_AQI!A5),0) -> 110 | D5: =ROUND(AVERAGEIFS([1]HOURLY_DATA!D5:D8788,[1]HOURLY_DATA!H5:H8788,Daily_AQI!A5),0) -> 18 | E5: =ROUND(AVERAGEIFS([1]HOURLY_DATA!E5:E8788,[1]HOURLY_DATA!H5:H8788,Daily_AQI!A5),0) -> 8 | F5: =ROUND(AVERAGEIFS([1]HOURLY_DATA!I5:I8788,[1]HOURLY_DATA!H5:H8788,Daily_AQI!A5),2) -> 0.67 | G5: =ROUND(AVERAGEIFS([1]HOURLY_DATA!J5:J8788,[1]HOURLY_DATA!H5:H8788,Daily_AQI!A5),0) -> 34 | H5: =ROUND(((_xlfn.XLOOKUP(B5,[1]!PM2.5[BLO],[1]!PM2.5[IHI],,-1) - _xlfn.XLOOKUP(B5,[1]!PM2.5[BLO],[1]!PM2.5[ILO],,-1)) / (_xlfn.XLOOKUP(B5,[1]!PM2.5[BLO],[1]!PM2.5[BHI],,-1) - _xlfn.XLOOKUP(B5,[1]!PM2.5[BLO],[1]!PM2.5[BLO],,-1))) * (B5 - _xlfn.XLOOKUP(B5,[1]!PM2.5[BLO],[1]!PM2.5[BLO],,-1)) + _xlfn.XLOOKUP(B5,[1]!PM2.5[BLO],[1]!PM2.5[ILO],,-1),2) -> 79.72 | I5: =ROUND(((_xlfn.XLOOKUP(C5,[1]!PM_10[BLO],[1]!PM_10[IHI],,-1) - _xlfn.XLOOKUP(C5,[1]!PM_10[BLO],[1]!PM_10[ILO],,-1)) / (_xlfn.XLOOKUP(C5,[1]!PM_10[BLO],[1]!PM_10[BHI],,-1) - _xlfn.XLOOKUP(C5,[1]!PM_10[BLO],[1]!PM_10[BLO],,-1))) * ( C5 - _xlfn.XLOOKUP(C5,[1]!PM_10[BLO],[1]!PM_10[BLO],,-1)) + _xlfn.XLOOKUP(C5,[1]!PM_10[BLO],[1]!PM_10[ILO],,-1),2) -> 106.98 | J5: =ROUND((( _xlfn.XLOOKUP(D5,[1]!NO_2[BLO],[1]!NO_2[IHI],,-1) - _xlfn.XLOOKUP(D5,[1]!NO_2[BLO],[1]!NO_2[ILO],,-1)) / ( _xlfn.XLOOKUP(D5,[1]!NO_2[BLO],[1]!NO_2[BHI],,-1) - _xlfn.XLOOKUP(D5,[1]!NO_2[BLO],[1]!NO_2[BLO],,-1) )) * ( D5 - _xlfn.XLOOKUP(D5,[1]!NO_2[BLO],[1]!NO_2[BLO],,-1)) + _xlfn.XLOOKUP(D5,[1]!NO_2[BLO],[1]!NO_2[ILO],,-1),2) -> 22.5 | K5: =ROUND(( ( _xlfn.XLOOKUP(E5,[1]!SO_2[BLO],[1]!SO_2[IHI],,-1) - _xlfn.XLOOKUP(E5,[1]!SO_2[BLO],[1]!SO_2[ILO],,-1) ) / ( _xlfn.XLOOKUP(E5,[1]!SO_2[BLO],[1]!SO_2[BHI],,-1)- _xlfn.XLOOKUP(E5,[1]!SO_2[BLO],[1]!SO_2[BLO],,-1) )) * ( E5 - _xlfn.XLOOKUP(E5,[1]!SO_2[BLO],[1]!SO_2[BLO],,-1) ) + _xlfn.XLOOKUP(E5,[1]!SO_2[BLO],[1]!SO_2[ILO],,-1),2) -> 10 | L5: =( ( _xlfn.XLOOKUP(F5,[1]!CO[BLO],[1]!CO[IHI],,-1) - _xlfn.XLOOKUP(F5,[1]!CO[BLO],[1]!CO[ILO],,-1) ) / ( _xlfn.XLOOKUP(F5,[1]!CO[BLO],[1]!CO[BHI],,-1) - _xlfn.XLOOKUP(F5,[1]!CO[BLO],[1]!CO[BLO],,-1))) * ( F5 - _xlfn.XLOOKUP(F5,[1]!CO[BLO],[1]!CO[BLO],,-1) ) + _xlfn.XLOOKUP(F5,[1]!CO[BLO],[1]!CO[ILO],,-1) -> 33.5 | M5: =(( _xlfn.XLOOKUP(G5,[1]!O_3[BLO],[1]!O_3[IHI],,-1) - _xlfn.XLOOKUP(G5,[1]!O_3[BLO],[1]!O_3[ILO],,-1)) / ( _xlfn.XLOOKUP(G5,[1]!O_3[BLO],[1]!O_3[BHI],,-1) - _xlfn.XLOOKUP(G5,[1]!O_3[BLO],[1]!O_3[BLO],,-1))) * ( G5 - _xlfn.XLOOKUP(G5,[1]!O_3[BLO],[1]!O_3[BLO],,-1)) + _xlfn.XLOOKUP(G5,[1]!O_3[BLO],[1]!O_3[ILO],,-1) -> 34 | N5: =MAX(DAILY_DATA[[#This Row],[AQI_PM2.5]:[AQI_O3]]) -> 106.98 | O5: =_xlfn.XLOOKUP(DAILY_DATA[[#This Row],[OVERALL_AQI]],[1]!CATEGORY[AQI_LO],[1]!CATEGORY[CATEGORY],,-1) -> Moderate | P5: {=INDEX( {"PM2.5","PM10","NO2","SO2","CO","O3"}, MATCH(N5,H5:M5,0) )} -> PM10
A6: 45296 | B6: =ROUND(AVERAGEIFS([1]HOURLY_DATA!B6:B8789,[1]HOURLY_DATA!H6:H8789,Daily_AQI!A6),0) -> 38 | C6: =ROUND(AVERAGEIFS([1]HOURLY_DATA!C6:C8789,[1]HOURLY_DATA!H6:H8789,Daily_AQI!A6),0) -> 87 | D6: =ROUND(AVERAGEIFS([1]HOURLY_DATA!D6:D8789,[1]HOURLY_DATA!H6:H8789,Daily_AQI!A6),0) -> 18 | E6: =ROUND(AVERAGEIFS([1]HOURLY_DATA!E6:E8789,[1]HOURLY_DATA!H6:H8789,Daily_AQI!A6),0) -> 8 | F6: =ROUND(AVERAGEIFS([1]HOURLY_DATA!I6:I8789,[1]HOURLY_DATA!H6:H8789,Daily_AQI!A6),2) -> 0.69 | G6: =ROUND(AVERAGEIFS([1]HOURLY_DATA!J6:J8789,[1]HOURLY_DATA!H6:H8789,Daily_AQI!A6),0) -> 31 | H6: =ROUND(((_xlfn.XLOOKUP(B6,[1]!PM2.5[BLO],[1]!PM2.5[IHI],,-1) - _xlfn.XLOOKUP(B6,[1]!PM2.5[BLO],[1]!PM2.5[ILO],,-1)) / (_xlfn.XLOOKUP(B6,[1]!PM2.5[BLO],[1]!PM2.5[BHI],,-1) - _xlfn.XLOOKUP(B6,[1]!PM2.5[BLO],[1]!PM2.5[BLO],,-1))) * (B6 - _xlfn.XLOOKUP(B6,[1]!PM2.5[BLO],[1]!PM2.5[BLO],,-1)) + _xlfn.XLOOKUP(B6,[1]!PM2.5[BLO],[1]!PM2.5[ILO],,-1),2) -> 62.83 | I6: =ROUND(((_xlfn.XLOOKUP(C6,[1]!PM_10[BLO],[1]!PM_10[IHI],,-1) - _xlfn.XLOOKUP(C6,[1]!PM_10[BLO],[1]!PM_10[ILO],,-1)) / (_xlfn.XLOOKUP(C6,[1]!PM_10[BLO],[1]!PM_10[BHI],,-1) - _xlfn.XLOOKUP(C6,[1]!PM_10[BLO],[1]!PM_10[BLO],,-1))) * ( C6 - _xlfn.XLOOKUP(C6,[1]!PM_10[BLO],[1]!PM_10[BLO],,-1)) + _xlfn.XLOOKUP(C6,[1]!PM_10[BLO],[1]!PM_10[ILO],,-1),2) -> 87 | J6: =ROUND((( _xlfn.XLOOKUP(D6,[1]!NO_2[BLO],[1]!NO_2[IHI],,-1) - _xlfn.XLOOKUP(D6,[1]!NO_2[BLO],[1]!NO_2[ILO],,-1)) / ( _xlfn.XLOOKUP(D6,[1]!NO_2[BLO],[1]!NO_2[BHI],,-1) - _xlfn.XLOOKUP(D6,[1]!NO_2[BLO],[1]!NO_2[BLO],,-1) )) * ( D6 - _xlfn.XLOOKUP(D6,[1]!NO_2[BLO],[1]!NO_2[BLO],,-1)) + _xlfn.XLOOKUP(D6,[1]!NO_2[BLO],[1]!NO_2[ILO],,-1),2) -> 22.5 | K6: =ROUND(( ( _xlfn.XLOOKUP(E6,[1]!SO_2[BLO],[1]!SO_2[IHI],,-1) - _xlfn.XLOOKUP(E6,[1]!SO_2[BLO],[1]!SO_2[ILO],,-1) ) / ( _xlfn.XLOOKUP(E6,[1]!SO_2[BLO],[1]!SO_2[BHI],,-1)- _xlfn.XLOOKUP(E6,[1]!SO_2[BLO],[1]!SO_2[BLO],,-1) )) * ( E6 - _xlfn.XLOOKUP(E6,[1]!SO_2[BLO],[1]!SO_2[BLO],,-1) ) + _xlfn.XLOOKUP(E6,[1]!SO_2[BLO],[1]!SO_2[ILO],,-1),2) -> 10 | L6: =( ( _xlfn.XLOOKUP(F6,[1]!CO[BLO],[1]!CO[IHI],,-1) - _xlfn.XLOOKUP(F6,[1]!CO[BLO],[1]!CO[ILO],,-1) ) / ( _xlfn.XLOOKUP(F6,[1]!CO[BLO],[1]!CO[BHI],,-1) - _xlfn.XLOOKUP(F6,[1]!CO[BLO],[1]!CO[BLO],,-1))) * ( F6 - _xlfn.XLOOKUP(F6,[1]!CO[BLO],[1]!CO[BLO],,-1) ) + _xlfn.XLOOKUP(F6,[1]!CO[BLO],[1]!CO[ILO],,-1) -> 34.5 | M6: =(( _xlfn.XLOOKUP(G6,[1]!O_3[BLO],[1]!O_3[IHI],,-1) - _xlfn.XLOOKUP(G6,[1]!O_3[BLO],[1]!O_3[ILO],,-1)) / ( _xlfn.XLOOKUP(G6,[1]!O_3[BLO],[1]!O_3[BHI],,-1) - _xlfn.XLOOKUP(G6,[1]!O_3[BLO],[1]!O_3[BLO],,-1))) * ( G6 - _xlfn.XLOOKUP(G6,[1]!O_3[BLO],[1]!O_3[BLO],,-1)) + _xlfn.XLOOKUP(G6,[1]!O_3[BLO],[1]!O_3[ILO],,-1) -> 31 | N6: =MAX(DAILY_DATA[[#This Row],[AQI_PM2.5]:[AQI_O3]]) -> 87 | O6: =_xlfn.XLOOKUP(DAILY_DATA[[#This Row],[OVERALL_AQI]],[1]!CATEGORY[AQI_LO],[1]!CATEGORY[CATEGORY],,-1) -> Satisfactory | P6: {=INDEX( {"PM2.5","PM10","NO2","SO2","CO","O3"}, MATCH(N6,H6:M6,0) )} -> PM10
A7: 45297 | B7: =ROUND(AVERAGEIFS([1]HOURLY_DATA!B7:B8790,[1]HOURLY_DATA!H7:H8790,Daily_AQI!A7),0) -> 33 | C7: =ROUND(AVERAGEIFS([1]HOURLY_DATA!C7:C8790,[1]HOURLY_DATA!H7:H8790,Daily_AQI!A7),0) -> 83 | D7: =ROUND(AVERAGEIFS([1]HOURLY_DATA!D7:D8790,[1]HOURLY_DATA!H7:H8790,Daily_AQI!A7),0) -> 19 | E7: =ROUND(AVERAGEIFS([1]HOURLY_DATA!E7:E8790,[1]HOURLY_DATA!H7:H8790,Daily_AQI!A7),0) -> 7 | F7: =ROUND(AVERAGEIFS([1]HOURLY_DATA!I7:I8790,[1]HOURLY_DATA!H7:H8790,Daily_AQI!A7),2) -> 0.66 | G7: =ROUND(AVERAGEIFS([1]HOURLY_DATA!J7:J8790,[1]HOURLY_DATA!H7:H8790,Daily_AQI!A7),0) -> 29 | H7: =ROUND(((_xlfn.XLOOKUP(B7,[1]!PM2.5[BLO],[1]!PM2.5[IHI],,-1) - _xlfn.XLOOKUP(B7,[1]!PM2.5[BLO],[1]!PM2.5[ILO],,-1)) / (_xlfn.XLOOKUP(B7,[1]!PM2.5[BLO],[1]!PM2.5[BHI],,-1) - _xlfn.XLOOKUP(B7,[1]!PM2.5[BLO],[1]!PM2.5[BLO],,-1))) * (B7 - _xlfn.XLOOKUP(B7,[1]!PM2.5[BLO],[1]!PM2.5[BLO],,-1)) + _xlfn.XLOOKUP(B7,[1]!PM2.5[BLO],[1]!PM2.5[ILO],,-1),2) -> 54.38 | I7: =ROUND(((_xlfn.XLOOKUP(C7,[1]!PM_10[BLO],[1]!PM_10[IHI],,-1) - _xlfn.XLOOKUP(C7,[1]!PM_10[BLO],[1]!PM_10[ILO],,-1)) / (_xlfn.XLOOKUP(C7,[1]!PM_10[BLO],[1]!PM_10[BHI],,-1) - _xlfn.XLOOKUP(C7,[1]!PM_10[BLO],[1]!PM_10[BLO],,-1))) * ( C7 - _xlfn.XLOOKUP(C7,[1]!PM_10[BLO],[1]!PM_10[BLO],,-1)) + _xlfn.XLOOKUP(C7,[1]!PM_10[BLO],[1]!PM_10[ILO],,-1),2) -> 83 | J7: =ROUND((( _xlfn.XLOOKUP(D7,[1]!NO_2[BLO],[1]!NO_2[IHI],,-1) - _xlfn.XLOOKUP(D7,[1]!NO_2[BLO],[1]!NO_2[ILO],,-1)) / ( _xlfn.XLOOKUP(D7,[1]!NO_2[BLO],[1]!NO_2[BHI],,-1) - _xlfn.XLOOKUP(D7,[1]!NO_2[BLO],[1]!NO_2[BLO],,-1) )) * ( D7 - _xlfn.XLOOKUP(D7,[1]!NO_2[BLO],[1]!NO_2[BLO],,-1)) + _xlfn.XLOOKUP(D7,[1]!NO_2[BLO],[1]!NO_2[ILO],,-1),2) -> 23.75 | K7: =ROUND(( ( _xlfn.XLOOKUP(E7,[1]!SO_2[BLO],[1]!SO_2[IHI],,-1) - _xlfn.XLOOKUP(E7,[1]!SO_2[BLO],[1]!SO_2[ILO],,-1) ) / ( _xlfn.XLOOKUP(E7,[1]!SO_2[BLO],[1]!SO_2[BHI],,-1)- _xlfn.XLOOKUP(E7,[1]!SO_2[BLO],[1]!SO_2[BLO],,-1) )) * ( E7 - _xlfn.XLOOKUP(E7,[1]!SO_2[BLO],[1]!SO_2[BLO],,-1) ) + _xlfn.XLOOKUP(E7,[1]!SO_2[BLO],[1]!SO_2[ILO],,-1),2) -> 8.75 | L7: =( ( _xlfn.XLOOKUP(F7,[1]!CO[BLO],[1]!CO[IHI],,-1) - _xlfn.XLOOKUP(F7,[1]!CO[BLO],[1]!CO[ILO],,-1) ) / ( _xlfn.XLOOKUP(F7,[1]!CO[BLO],[1]!CO[BHI],,-1) - _xlfn.XLOOKUP(F7,[1]!CO[BLO],[1]!CO[BLO],,-1))) * ( F7 - _xlfn.XLOOKUP(F7,[1]!CO[BLO],[1]!CO[BLO],,-1) ) + _xlfn.XLOOKUP(F7,[1]!CO[BLO],[1]!CO[ILO],,-1) -> 33 | M7: =(( _xlfn.XLOOKUP(G7,[1]!O_3[BLO],[1]!O_3[IHI],,-1) - _xlfn.XLOOKUP(G7,[1]!O_3[BLO],[1]!O_3[ILO],,-1)) / ( _xlfn.XLOOKUP(G7,[1]!O_3[BLO],[1]!O_3[BHI],,-1) - _xlfn.XLOOKUP(G7,[1]!O_3[BLO],[1]!O_3[BLO],,-1))) * ( G7 - _xlfn.XLOOKUP(G7,[1]!O_3[BLO],[1]!O_3[BLO],,-1)) + _xlfn.XLOOKUP(G7,[1]!O_3[BLO],[1]!O_3[ILO],,-1) -> 29 | N7: =MAX(DAILY_DATA[[#This Row],[AQI_PM2.5]:[AQI_O3]]) -> 83 | O7: =_xlfn.XLOOKUP(DAILY_DATA[[#This Row],[OVERALL_AQI]],[1]!CATEGORY[AQI_LO],[1]!CATEGORY[CATEGORY],,-1) -> Satisfactory | P7: {=INDEX( {"PM2.5","PM10","NO2","SO2","CO","O3"}, MATCH(N7,H7:M7,0) )} -> PM10
A8: 45298 | B8: =ROUND(AVERAGEIFS([1]HOURLY_DATA!B8:B8791,[1]HOURLY_DATA!H8:H8791,Daily_AQI!A8),0) -> 28 | C8: =ROUND(AVERAGEIFS([1]HOURLY_DATA!C8:C8791,[1]HOURLY_DATA!H8:H8791,Daily_AQI!A8),0) -> 66 | D8: =ROUND(AVERAGEIFS([1]HOURLY_DATA!D8:D8791,[1]HOURLY_DATA!H8:H8791,Daily_AQI!A8),0) -> 18 | E8: =ROUND(AVERAGEIFS([1]HOURLY_DATA!E8:E8791,[1]HOURLY_DATA!H8:H8791,Daily_AQI!A8),0) -> 7 | F8: =ROUND(AVERAGEIFS([1]HOURLY_DATA!I8:I8791,[1]HOURLY_DATA!H8:H8791,Daily_AQI!A8),2) -> 0.62 | G8: =ROUND(AVERAGEIFS([1]HOURLY_DATA!J8:J8791,[1]HOURLY_DATA!H8:H8791,Daily_AQI!A8),0) -> 27 | H8: =ROUND(((_xlfn.XLOOKUP(B8,[1]!PM2.5[BLO],[1]!PM2.5[IHI],,-1) - _xlfn.XLOOKUP(B8,[1]!PM2.5[BLO],[1]!PM2.5[ILO],,-1)) / (_xlfn.XLOOKUP(B8,[1]!PM2.5[BLO],[1]!PM2.5[BHI],,-1) - _xlfn.XLOOKUP(B8,[1]!PM2.5[BLO],[1]!PM2.5[BLO],,-1))) * (B8 - _xlfn.XLOOKUP(B8,[1]!PM2.5[BLO],[1]!PM2.5[BLO],,-1)) + _xlfn.XLOOKUP(B8,[1]!PM2.5[BLO],[1]!PM2.5[ILO],,-1),2) -> 46.67 | I8: =ROUND(((_xlfn.XLOOKUP(C8,[1]!PM_10[BLO],[1]!PM_10[IHI],,-1) - _xlfn.XLOOKUP(C8,[1]!PM_10[BLO],[1]!PM_10[ILO],,-1)) / (_xlfn.XLOOKUP(C8,[1]!PM_10[BLO],[1]!PM_10[BHI],,-1) - _xlfn.XLOOKUP(C8,[1]!PM_10[BLO],[1]!PM_10[BLO],,-1))) * ( C8 - _xlfn.XLOOKUP(C8,[1]!PM_10[BLO],[1]!PM_10[BLO],,-1)) + _xlfn.XLOOKUP(C8,[1]!PM_10[BLO],[1]!PM_10[ILO],,-1),2) -> 66 | J8: =ROUND((( _xlfn.XLOOKUP(D8,[1]!NO_2[BLO],[1]!NO_2[IHI],,-1) - _xlfn.XLOOKUP(D8,[1]!NO_2[BLO],[1]!NO_2[ILO],,-1)) / ( _xlfn.XLOOKUP(D8,[1]!NO_2[BLO],[1]!NO_2[BHI],,-1) - _xlfn.XLOOKUP(D8,[1]!NO_2[BLO],[1]!NO_2[BLO],,-1) )) * ( D8 - _xlfn.XLOOKUP(D8,[1]!NO_2[BLO],[1]!NO_2[BLO],,-1)) + _xlfn.XLOOKUP(D8,[1]!NO_2[BLO],[1]!NO_2[ILO],,-1),2) -> 22.5 | K8: =ROUND(( ( _xlfn.XLOOKUP(E8,[1]!SO_2[BLO],[1]!SO_2[IHI],,-1) - _xlfn.XLOOKUP(E8,[1]!SO_2[BLO],[1]!SO_2[ILO],,-1) ) / ( _xlfn.XLOOKUP(E8,[1]!SO_2[BLO],[1]!SO_2[BHI],,-1)- _xlfn.XLOOKUP(E8,[1]!SO_2[BLO],[1]!SO_2[BLO],,-1) )) * ( E8 - _xlfn.XLOOKUP(E8,[1]!SO_2[BLO],[1]!SO_2[BLO],,-1) ) + _xlfn.XLOOKUP(E8,[1]!SO_2[BLO],[1]!SO_2[ILO],,-1),2) -> 8.75 | L8: =( ( _xlfn.XLOOKUP(F8,[1]!CO[BLO],[1]!CO[IHI],,-1) - _xlfn.XLOOKUP(F8,[1]!CO[BLO],[1]!CO[ILO],,-1) ) / ( _xlfn.XLOOKUP(F8,[1]!CO[BLO],[1]!CO[BHI],,-1) - _xlfn.XLOOKUP(F8,[1]!CO[BLO],[1]!CO[BLO],,-1))) * ( F8 - _xlfn.XLOOKUP(F8,[1]!CO[BLO],[1]!CO[BLO],,-1) ) + _xlfn.XLOOKUP(F8,[1]!CO[BLO],[1]!CO[ILO],,-1) -> 31 | M8: =(( _xlfn.XLOOKUP(G8,[1]!O_3[BLO],[1]!O_3[IHI],,-1) - _xlfn.XLOOKUP(G8,[1]!O_3[BLO],[1]!O_3[ILO],,-1)) / ( _xlfn.XLOOKUP(G8,[1]!O_3[BLO],[1]!O_3[BHI],,-1) - _xlfn.XLOOKUP(G8,[1]!O_3[BLO],[1]!O_3[BLO],,-1))) * ( G8 - _xlfn.XLOOKUP(G8,[1]!O_3[BLO],[1]!O_3[BLO],,-1)) + _xlfn.XLOOKUP(G8,[1]!O_3[BLO],[1]!O_3[ILO],,-1) -> 27 | N8: =MAX(DAILY_DATA[[#This Row],[AQI_PM2.5]:[AQI_O3]]) -> 66 | O8: =_xlfn.XLOOKUP(DAILY_DATA[[#This Row],[OVERALL_AQI]],[1]!CATEGORY[AQI_LO],[1]!CATEGORY[CATEGORY],,-1) -> Satisfactory | P8: {=INDEX( {"PM2.5","PM10","NO2","SO2","CO","O3"}, MATCH(N8,H8:M8,0) )} -> PM10
A9: 45299 | B9: =ROUND(AVERAGEIFS([1]HOURLY_DATA!B9:B8792,[1]HOURLY_DATA!H9:H8792,Daily_AQI!A9),0) -> 22 | C9: =ROUND(AVERAGEIFS([1]HOURLY_DATA!C9:C8792,[1]HOURLY_DATA!H9:H8792,Daily_AQI!A9),0) -> 53 | D9: =ROUND(AVERAGEIFS([1]HOURLY_DATA!D9:D8792,[1]HOURLY_DATA!H9:H8792,Daily_AQI!A9),0) -> 17 | E9: =ROUND(AVERAGEIFS([1]HOURLY_DATA!E9:E8792,[1]HOURLY_DATA!H9:H8792,Daily_AQI!A9),0) -> 7 | F9: =ROUND(AVERAGEIFS([1]HOURLY_DATA!I9:I8792,[1]HOURLY_DATA!H9:H8792,Daily_AQI!A9),2) -> 0.64 | G9: =ROUND(AVERAGEIFS([1]HOURLY_DATA!J9:J8792,[1]HOURLY_DATA!H9:H8792,Daily_AQI!A9),0) -> 23 | H9: =ROUND(((_xlfn.XLOOKUP(B9,[1]!PM2.5[BLO],[1]!PM2.5[IHI],,-1) - _xlfn.XLOOKUP(B9,[1]!PM2.5[BLO],[1]!PM2.5[ILO],,-1)) / (_xlfn.XLOOKUP(B9,[1]!PM2.5[BLO],[1]!PM2.5[BHI],,-1) - _xlfn.XLOOKUP(B9,[1]!PM2.5[BLO],[1]!PM2.5[BLO],,-1))) * (B9 - _xlfn.XLOOKUP(B9,[1]!PM2.5[BLO],[1]!PM2.5[BLO],,-1)) + _xlfn.XLOOKUP(B9,[1]!PM2.5[BLO],[1]!PM2.5[ILO],,-1),2) -> 36.67 | I9: =ROUND(((_xlfn.XLOOKUP(C9,[1]!PM_10[BLO],[1]!PM_10[IHI],,-1) - _xlfn.XLOOKUP(C9,[1]!PM_10[BLO],[1]!PM_10[ILO],,-1)) / (_xlfn.XLOOKUP(C9,[1]!PM_10[BLO],[1]!PM_10[BHI],,-1) - _xlfn.XLOOKUP(C9,[1]!PM_10[BLO],[1]!PM_10[BLO],,-1))) * ( C9 - _xlfn.XLOOKUP(C9,[1]!PM_10[BLO],[1]!PM_10[BLO],,-1)) + _xlfn.XLOOKUP(C9,[1]!PM_10[BLO],[1]!PM_10[ILO],,-1),2) -> 53 | J9: =ROUND((( _xlfn.XLOOKUP(D9,[1]!NO_2[BLO],[1]!NO_2[IHI],,-1) - _xlfn.XLOOKUP(D9,[1]!NO_2[BLO],[1]!NO_2[ILO],,-1)) / ( _xlfn.XLOOKUP(D9,[1]!NO_2[BLO],[1]!NO_2[BHI],,-1) - _xlfn.XLOOKUP(D9,[1]!NO_2[BLO],[1]!NO_2[BLO],,-1) )) * ( D9 - _xlfn.XLOOKUP(D9,[1]!NO_2[BLO],[1]!NO_2[BLO],,-1)) + _xlfn.XLOOKUP(D9,[1]!NO_2[BLO],[1]!NO_2[ILO],,-1),2) -> 21.25 | K9: =ROUND(( ( _xlfn.XLOOKUP(E9,[1]!SO_2[BLO],[1]!SO_2[IHI],,-1) - _xlfn.XLOOKUP(E9,[1]!SO_2[BLO],[1]!SO_2[ILO],,-1) ) / ( _xlfn.XLOOKUP(E9,[1]!SO_2[BLO],[1]!SO_2[BHI],,-1)- _xlfn.XLOOKUP(E9,[1]!SO_2[BLO],[1]!SO_2[BLO],,-1) )) * ( E9 - _xlfn.XLOOKUP(E9,[1]!SO_2[BLO],[1]!SO_2[BLO],,-1) ) + _xlfn.XLOOKUP(E9,[1]!SO_2[BLO],[1]!SO_2[ILO],,-1),2) -> 8.75 | L9: =( ( _xlfn.XLOOKUP(F9,[1]!CO[BLO],[1]!CO[IHI],,-1) - _xlfn.XLOOKUP(F9,[1]!CO[BLO],[1]!CO[ILO],,-1) ) / ( _xlfn.XLOOKUP(F9,[1]!CO[BLO],[1]!CO[BHI],,-1) - _xlfn.XLOOKUP(F9,[1]!CO[BLO],[1]!CO[BLO],,-1))) * ( F9 - _xlfn.XLOOKUP(F9,[1]!CO[BLO],[1]!CO[BLO],,-1) ) + _xlfn.XLOOKUP(F9,[1]!CO[BLO],[1]!CO[ILO],,-1) -> 32 | M9: =(( _xlfn.XLOOKUP(G9,[1]!O_3[BLO],[1]!O_3[IHI],,-1) - _xlfn.XLOOKUP(G9,[1]!O_3[BLO],[1]!O_3[ILO],,-1)) / ( _xlfn.XLOOKUP(G9,[1]!O_3[BLO],[1]!O_3[BHI],,-1) - _xlfn.XLOOKUP(G9,[1]!O_3[BLO],[1]!O_3[BLO],,-1))) * ( G9 - _xlfn.XLOOKUP(G9,[1]!O_3[BLO],[1]!O_3[BLO],,-1)) + _xlfn.XLOOKUP(G9,[1]!O_3[BLO],[1]!O_3[ILO],,-1) -> 23 | N9: =MAX(DAILY_DATA[[#This Row],[AQI_PM2.5]:[AQI_O3]]) -> 53 | O9: =_xlfn.XLOOKUP(DAILY_DATA[[#This Row],[OVERALL_AQI]],[1]!CATEGORY[AQI_LO],[1]!CATEGORY[CATEGORY],,-1) -> Satisfactory | P9: {=INDEX( {"PM2.5","PM10","NO2","SO2","CO","O3"}, MATCH(N9,H9:M9,0) )} -> PM10
A10: 45300 | B10: =ROUND(AVERAGEIFS([1]HOURLY_DATA!B10:B8793,[1]HOURLY_DATA!H10:H8793,Daily_AQI!A10),0) -> 84 | C10: =ROUND(AVERAGEIFS([1]HOURLY_DATA!C10:C8793,[1]HOURLY_DATA!H10:H8793,Daily_AQI!A10),0) -> 74 | D10: =ROUND(AVERAGEIFS([1]HOURLY_DATA!D10:D8793,[1]HOURLY_DATA!H10:H8793,Daily_AQI!A10),0) -> 17 | E10: =ROUND(AVERAGEIFS([1]HOURLY_DATA!E10:E8793,[1]HOURLY_DATA!H10:H8793,Daily_AQI!A10),0) -> 7 | F10: =ROUND(AVERAGEIFS([1]HOURLY_DATA!I10:I8793,[1]HOURLY_DATA!H10:H8793,Daily_AQI!A10),2) -> 0.61 | G10: =ROUND(AVERAGEIFS([1]HOURLY_DATA!J10:J8793,[1]HOURLY_DATA!H10:H8793,Daily_AQI!A10),0) -> 24 | H10: =ROUND(((_xlfn.XLOOKUP(B10,[1]!PM2.5[BLO],[1]!PM2.5[IHI],,-1) - _xlfn.XLOOKUP(B10,[1]!PM2.5[BLO],[1]!PM2.5[ILO],,-1)) / (_xlfn.XLOOKUP(B10,[1]!PM2.5[BLO],[1]!PM2.5[BHI],,-1) - _xlfn.XLOOKUP(B10,[1]!PM2.5[BLO],[1]!PM2.5[BLO],,-1))) * (B10 - _xlfn.XLOOKUP(B10,[1]!PM2.5[BLO],[1]!PM2.5[BLO],,-1)) + _xlfn.XLOOKUP(B10,[1]!PM2.5[BLO],[1]!PM2.5[ILO],,-1),2) -> 179.52 | I10: =ROUND(((_xlfn.XLOOKUP(C10,[1]!PM_10[BLO],[1]!PM_10[IHI],,-1) - _xlfn.XLOOKUP(C10,[1]!PM_10[BLO],[1]!PM_10[ILO],,-1)) / (_xlfn.XLOOKUP(C10,[1]!PM_10[BLO],[1]!PM_10[BHI],,-1) - _xlfn.XLOOKUP(C10,[1]!PM_10[BLO],[1]!PM_10[BLO],,-1))) * ( C10 - _xlfn.XLOOKUP(C10,[1]!PM_10[BLO],[1]!PM_10[BLO],,-1)) + _xlfn.XLOOKUP(C10,[1]!PM_10[BLO],[1]!PM_10[ILO],,-1),2) -> 74 | J10: =ROUND((( _xlfn.XLOOKUP(D10,[1]!NO_2[BLO],[1]!NO_2[IHI],,-1) - _xlfn.XLOOKUP(D10,[1]!NO_2[BLO],[1]!NO_2[ILO],,-1)) / ( _xlfn.XLOOKUP(D10,[1]!NO_2[BLO],[1]!NO_2[BHI],,-1) - _xlfn.XLOOKUP(D10,[1]!NO_2[BLO],[1]!NO_2[BLO],,-1) )) * ( D10 - _xlfn.XLOOKUP(D10,[1]!NO_2[BLO],[1]!NO_2[BLO],,-1)) + _xlfn.XLOOKUP(D10,[1]!NO_2[BLO],[1]!NO_2[ILO],,-1),2) -> 21.25 | K10: =ROUND(( ( _xlfn.XLOOKUP(E10,[1]!SO_2[BLO],[1]!SO_2[IHI],,-1) - _xlfn.XLOOKUP(E10,[1]!SO_2[BLO],[1]!SO_2[ILO],,-1) ) / ( _xlfn.XLOOKUP(E10,[1]!SO_2[BLO],[1]!SO_2[BHI],,-1)- _xlfn.XLOOKUP(E10,[1]!SO_2[BLO],[1]!SO_2[BLO],,-1) )) * ( E10 - _xlfn.XLOOKUP(E10,[1]!SO_2[BLO],[1]!SO_2[BLO],,-1) ) + _xlfn.XLOOKUP(E10,[1]!SO_2[BLO],[1]!SO_2[ILO],,-1),2) -> 8.75 | L10: =( ( _xlfn.XLOOKUP(F10,[1]!CO[BLO],[1]!CO[IHI],,-1) - _xlfn.XLOOKUP(F10,[1]!CO[BLO],[1]!CO[ILO],,-1) ) / ( _xlfn.XLOOKUP(F10,[1]!CO[BLO],[1]!CO[BHI],,-1) - _xlfn.XLOOKUP(F10,[1]!CO[BLO],[1]!CO[BLO],,-1))) * ( F10 - _xlfn.XLOOKUP(F10,[1]!CO[BLO],[1]!CO[BLO],,-1) ) + _xlfn.XLOOKUP(F10,[1]!CO[BLO],[1]!CO[ILO],,-1) -> 30.5 | M10: =(( _xlfn.XLOOKUP(G10,[1]!O_3[BLO],[1]!O_3[IHI],,-1) - _xlfn.XLOOKUP(G10,[1]!O_3[BLO],[1]!O_3[ILO],,-1)) / ( _xlfn.XLOOKUP(G10,[1]!O_3[BLO],[1]!O_3[BHI],,-1) - _xlfn.XLOOKUP(G10,[1]!O_3[BLO],[1]!O_3[BLO],,-1))) * ( G10 - _xlfn.XLOOKUP(G10,[1]!O_3[BLO],[1]!O_3[BLO],,-1)) + _xlfn.XLOOKUP(G10,[1]!O_3[BLO],[1]!O_3[ILO],,-1) -> 24 | N10: =MAX(DAILY_DATA[[#This Row],[AQI_PM2.5]:[AQI_O3]]) -> 179.52 | O10: =_xlfn.XLOOKUP(DAILY_DATA[[#This Row],[OVERALL_AQI]],[1]!CATEGORY[AQI_LO],[1]!CATEGORY[CATEGORY],,-1) -> Moderate | P10: {=INDEX( {"PM2.5","PM10","NO2","SO2","CO","O3"}, MATCH(N10,H10:M10,0) )} -> PM2.5
A11: 45301 | B11: =ROUND(AVERAGEIFS([1]HOURLY_DATA!B11:B8794,[1]HOURLY_DATA!H11:H8794,Daily_AQI!A11),0) -> 86 | C11: =ROUND(AVERAGEIFS([1]HOURLY_DATA!C11:C8794,[1]HOURLY_DATA!H11:H8794,Daily_AQI!A11),0) -> 87 | D11: =ROUND(AVERAGEIFS([1]HOURLY_DATA!D11:D8794,[1]HOURLY_DATA!H11:H8794,Daily_AQI!A11),0) -> 17 | E11: =ROUND(AVERAGEIFS([1]HOURLY_DATA!E11:E8794,[1]HOURLY_DATA!H11:H8794,Daily_AQI!A11),0) -> 8 | F11: =ROUND(AVERAGEIFS([1]HOURLY_DATA!I11:I8794,[1]HOURLY_DATA!H11:H8794,Daily_AQI!A11),2) -> 0.62 | G11: =ROUND(AVERAGEIFS([1]HOURLY_DATA!J11:J8794,[1]HOURLY_DATA!H11:H8794,Daily_AQI!A11),0) -> 28 | H11: =ROUND(((_xlfn.XLOOKUP(B11,[1]!PM2.5[BLO],[1]!PM2.5[IHI],,-1) - _xlfn.XLOOKUP(B11,[1]!PM2.5[BLO],[1]!PM2.5[ILO],,-1)) / (_xlfn.XLOOKUP(B11,[1]!PM2.5[BLO],[1]!PM2.5[BHI],,-1) - _xlfn.XLOOKUP(B11,[1]!PM2.5[BLO],[1]!PM2.5[BLO],,-1))) * (B11 - _xlfn.XLOOKUP(B11,[1]!PM2.5[BLO],[1]!PM2.5[BLO],,-1)) + _xlfn.XLOOKUP(B11,[1]!PM2.5[BLO],[1]!PM2.5[ILO],,-1),2) -> 186.34 | I11: =ROUND(((_xlfn.XLOOKUP(C11,[1]!PM_10[BLO],[1]!PM_10[IHI],,-1) - _xlfn.XLOOKUP(C11,[1]!PM_10[BLO],[1]!PM_10[ILO],,-1)) / (_xlfn.XLOOKUP(C11,[1]!PM_10[BLO],[1]!PM_10[BHI],,-1) - _xlfn.XLOOKUP(C11,[1]!PM_10[BLO],[1]!PM_10[BLO],,-1))) * ( C11 - _xlfn.XLOOKUP(C11,[1]!PM_10[BLO],[1]!PM_10[BLO],,-1)) + _xlfn.XLOOKUP(C11,[1]!PM_10[BLO],[1]!PM_10[ILO],,-1),2) -> 87 | J11: =ROUND((( _xlfn.XLOOKUP(D11,[1]!NO_2[BLO],[1]!NO_2[IHI],,-1) - _xlfn.XLOOKUP(D11,[1]!NO_2[BLO],[1]!NO_2[ILO],,-1)) / ( _xlfn.XLOOKUP(D11,[1]!NO_2[BLO],[1]!NO_2[BHI],,-1) - _xlfn.XLOOKUP(D11,[1]!NO_2[BLO],[1]!NO_2[BLO],,-1) )) * ( D11 - _xlfn.XLOOKUP(D11,[1]!NO_2[BLO],[1]!NO_2[BLO],,-1)) + _xlfn.XLOOKUP(D11,[1]!NO_2[BLO],[1]!NO_2[ILO],,-1),2) -> 21.25 | K11: =ROUND(( ( _xlfn.XLOOKUP(E11,[1]!SO_2[BLO],[1]!SO_2[IHI],,-1) - _xlfn.XLOOKUP(E11,[1]!SO_2[BLO],[1]!SO_2[ILO],,-1) ) / ( _xlfn.XLOOKUP(E11,[1]!SO_2[BLO],[1]!SO_2[BHI],,-1)- _xlfn.XLOOKUP(E11,[1]!SO_2[BLO],[1]!SO_2[BLO],,-1) )) * ( E11 - _xlfn.XLOOKUP(E11,[1]!SO_2[BLO],[1]!SO_2[BLO],,-1) ) + _xlfn.XLOOKUP(E11,[1]!SO_2[BLO],[1]!SO_2[ILO],,-1),2) -> 10 | L11: =( ( _xlfn.XLOOKUP(F11,[1]!CO[BLO],[1]!CO[IHI],,-1) - _xlfn.XLOOKUP(F11,[1]!CO[BLO],[1]!CO[ILO],,-1) ) / ( _xlfn.XLOOKUP(F11,[1]!CO[BLO],[1]!CO[BHI],,-1) - _xlfn.XLOOKUP(F11,[1]!CO[BLO],[1]!CO[BLO],,-1))) * ( F11 - _xlfn.XLOOKUP(F11,[1]!CO[BLO],[1]!CO[BLO],,-1) ) + _xlfn.XLOOKUP(F11,[1]!CO[BLO],[1]!CO[ILO],,-1) -> 31 | M11: =(( _xlfn.XLOOKUP(G11,[1]!O_3[BLO],[1]!O_3[IHI],,-1) - _xlfn.XLOOKUP(G11,[1]!O_3[BLO],[1]!O_3[ILO],,-1)) / ( _xlfn.XLOOKUP(G11,[1]!O_3[BLO],[1]!O_3[BHI],,-1) - _xlfn.XLOOKUP(G11,[1]!O_3[BLO],[1]!O_3[BLO],,-1))) * ( G11 - _xlfn.XLOOKUP(G11,[1]!O_3[BLO],[1]!O_3[BLO],,-1)) + _xlfn.XLOOKUP(G11,[1]!O_3[BLO],[1]!O_3[ILO],,-1) -> 28 | N11: =MAX(DAILY_DATA[[#This Row],[AQI_PM2.5]:[AQI_O3]]) -> 186.34 | O11: =_xlfn.XLOOKUP(DAILY_DATA[[#This Row],[OVERALL_AQI]],[1]!CATEGORY[AQI_LO],[1]!CATEGORY[CATEGORY],,-1) -> Moderate | P11: {=INDEX( {"PM2.5","PM10","NO2","SO2","CO","O3"}, MATCH(N11,H11:M11,0) )} -> PM2.5
A12: 45302 | B12: =ROUND(AVERAGEIFS([1]HOURLY_DATA!B12:B8795,[1]HOURLY_DATA!H12:H8795,Daily_AQI!A12),0) -> 39 | C12: =ROUND(AVERAGEIFS([1]HOURLY_DATA!C12:C8795,[1]HOURLY_DATA!H12:H8795,Daily_AQI!A12),0) -> 92 | D12: =ROUND(AVERAGEIFS([1]HOURLY_DATA!D12:D8795,[1]HOURLY_DATA!H12:H8795,Daily_AQI!A12),0) -> 17 | E12: =ROUND(AVERAGEIFS([1]HOURLY_DATA!E12:E8795,[1]HOURLY_DATA!H12:H8795,Daily_AQI!A12),0) -> 8 | F12: =ROUND(AVERAGEIFS([1]HOURLY_DATA!I12:I8795,[1]HOURLY_DATA!H12:H8795,Daily_AQI!A12),2) -> 0.67 | G12: =ROUND(AVERAGEIFS([1]HOURLY_DATA!J12:J8795,[1]HOURLY_DATA!H12:H8795,Daily_AQI!A12),0) -> 31 | H12: =ROUND(((_xlfn.XLOOKUP(B12,[1]!PM2.5[BLO],[1]!PM2.5[IHI],,-1) - _xlfn.XLOOKUP(B12,[1]!PM2.5[BLO],[1]!PM2.5[ILO],,-1)) / (_xlfn.XLOOKUP(B12,[1]!PM2.5[BLO],[1]!PM2.5[BHI],,-1) - _xlfn.XLOOKUP(B12,[1]!PM2.5[BLO],[1]!PM2.5[BLO],,-1))) * (B12 - _xlfn.XLOOKUP(B12,[1]!PM2.5[BLO],[1]!PM2.5[BLO],,-1)) + _xlfn.XLOOKUP(B12,[1]!PM2.5[BLO],[1]!PM2.5[ILO],,-1),2) -> 64.52 | I12: =ROUND(((_xlfn.XLOOKUP(C12,[1]!PM_10[BLO],[1]!PM_10[IHI],,-1) - _xlfn.XLOOKUP(C12,[1]!PM_10[BLO],[1]!PM_10[ILO],,-1)) / (_xlfn.XLOOKUP(C12,[1]!PM_10[BLO],[1]!PM_10[BHI],,-1) - _xlfn.XLOOKUP(C12,[1]!PM_10[BLO],[1]!PM_10[BLO],,-1))) * ( C12 - _xlfn.XLOOKUP(C12,[1]!PM_10[BLO],[1]!PM_10[BLO],,-1)) + _xlfn.XLOOKUP(C12,[1]!PM_10[BLO],[1]!PM_10[ILO],,-1),2) -> 92 | J12: =ROUND((( _xlfn.XLOOKUP(D12,[1]!NO_2[BLO],[1]!NO_2[IHI],,-1) - _xlfn.XLOOKUP(D12,[1]!NO_2[BLO],[1]!NO_2[ILO],,-1)) / ( _xlfn.XLOOKUP(D12,[1]!NO_2[BLO],[1]!NO_2[BHI],,-1) - _xlfn.XLOOKUP(D12,[1]!NO_2[BLO],[1]!NO_2[BLO],,-1) )) * ( D12 - _xlfn.XLOOKUP(D12,[1]!NO_2[BLO],[1]!NO_2[BLO],,-1)) + _xlfn.XLOOKUP(D12,[1]!NO_2[BLO],[1]!NO_2[ILO],,-1),2) -> 21.25 | K12: =ROUND(( ( _xlfn.XLOOKUP(E12,[1]!SO_2[BLO],[1]!SO_2[IHI],,-1) - _xlfn.XLOOKUP(E12,[1]!SO_2[BLO],[1]!SO_2[ILO],,-1) ) / ( _xlfn.XLOOKUP(E12,[1]!SO_2[BLO],[1]!SO_2[BHI],,-1)- _xlfn.XLOOKUP(E12,[1]!SO_2[BLO],[1]!SO_2[BLO],,-1) )) * ( E12 - _xlfn.XLOOKUP(E12,[1]!SO_2[BLO],[1]!SO_2[BLO],,-1) ) + _xlfn.XLOOKUP(E12,[1]!SO_2[BLO],[1]!SO_2[ILO],,-1),2) -> 10 | L12: =( ( _xlfn.XLOOKUP(F12,[1]!CO[BLO],[1]!CO[IHI],,-1) - _xlfn.XLOOKUP(F12,[1]!CO[BLO],[1]!CO[ILO],,-1) ) / ( _xlfn.XLOOKUP(F12,[1]!CO[BLO],[1]!CO[BHI],,-1) - _xlfn.XLOOKUP(F12,[1]!CO[BLO],[1]!CO[BLO],,-1))) * ( F12 - _xlfn.XLOOKUP(F12,[1]!CO[BLO],[1]!CO[BLO],,-1) ) + _xlfn.XLOOKUP(F12,[1]!CO[BLO],[1]!CO[ILO],,-1) -> 33.5 | M12: =(( _xlfn.XLOOKUP(G12,[1]!O_3[BLO],[1]!O_3[IHI],,-1) - _xlfn.XLOOKUP(G12,[1]!O_3[BLO],[1]!O_3[ILO],,-1)) / ( _xlfn.XLOOKUP(G12,[1]!O_3[BLO],[1]!O_3[BHI],,-1) - _xlfn.XLOOKUP(G12,[1]!O_3[BLO],[1]!O_3[BLO],,-1))) * ( G12 - _xlfn.XLOOKUP(G12,[1]!O_3[BLO],[1]!O_3[BLO],,-1)) + _xlfn.XLOOKUP(G12,[1]!O_3[BLO],[1]!O_3[ILO],,-1) -> 31 | N12: =MAX(DAILY_DATA[[#This Row],[AQI_PM2.5]:[AQI_O3]]) -> 92 | O12: =_xlfn.XLOOKUP(DAILY_DATA[[#This Row],[OVERALL_AQI]],[1]!CATEGORY[AQI_LO],[1]!CATEGORY[CATEGORY],,-1) -> Satisfactory | P12: {=INDEX( {"PM2.5","PM10","NO2","SO2","CO","O3"}, MATCH(N12,H12:M12,0) )} -> PM10
A13: 45303 | B13: =ROUND(AVERAGEIFS([1]HOURLY_DATA!B13:B8796,[1]HOURLY_DATA!H13:H8796,Daily_AQI!A13),0) -> 44 | C13: =ROUND(AVERAGEIFS([1]HOURLY_DATA!C13:C8796,[1]HOURLY_DATA!H13:H8796,Daily_AQI!A13),0) -> 93 | D13: =ROUND(AVERAGEIFS([1]HOURLY_DATA!D13:D8796,[1]HOURLY_DATA!H13:H8796,Daily_AQI!A13),0) -> 17 | E13: =ROUND(AVERAGEIFS([1]HOURLY_DATA!E13:E8796,[1]HOURLY_DATA!H13:H8796,Daily_AQI!A13),0) -> 8 | F13: =ROUND(AVERAGEIFS([1]HOURLY_DATA!I13:I8796,[1]HOURLY_DATA!H13:H8796,Daily_AQI!A13),2) -> 0.6 | G13: =ROUND(AVERAGEIFS([1]HOURLY_DATA!J13:J8796,[1]HOURLY_DATA!H13:H8796,Daily_AQI!A13),0) -> 32 | H13: =ROUND(((_xlfn.XLOOKUP(B13,[1]!PM2.5[BLO],[1]!PM2.5[IHI],,-1) - _xlfn.XLOOKUP(B13,[1]!PM2.5[BLO],[1]!PM2.5[ILO],,-1)) / (_xlfn.XLOOKUP(B13,[1]!PM2.5[BLO],[1]!PM2.5[BHI],,-1) - _xlfn.XLOOKUP(B13,[1]!PM2.5[BLO],[1]!PM2.5[BLO],,-1))) * (B13 - _xlfn.XLOOKUP(B13,[1]!PM2.5[BLO],[1]!PM2.5[BLO],,-1)) + _xlfn.XLOOKUP(B13,[1]!PM2.5[BLO],[1]!PM2.5[ILO],,-1),2) -> 72.97 | I13: =ROUND(((_xlfn.XLOOKUP(C13,[1]!PM_10[BLO],[1]!PM_10[IHI],,-1) - _xlfn.XLOOKUP(C13,[1]!PM_10[BLO],[1]!PM_10[ILO],,-1)) / (_xlfn.XLOOKUP(C13,[1]!PM_10[BLO],[1]!PM_10[BHI],,-1) - _xlfn.XLOOKUP(C13,[1]!PM_10[BLO],[1]!PM_10[BLO],,-1))) * ( C13 - _xlfn.XLOOKUP(C13,[1]!PM_10[BLO],[1]!PM_10[BLO],,-1)) + _xlfn.XLOOKUP(C13,[1]!PM_10[BLO],[1]!PM_10[ILO],,-1),2) -> 93 | J13: =ROUND((( _xlfn.XLOOKUP(D13,[1]!NO_2[BLO],[1]!NO_2[IHI],,-1) - _xlfn.XLOOKUP(D13,[1]!NO_2[BLO],[1]!NO_2[ILO],,-1)) / ( _xlfn.XLOOKUP(D13,[1]!NO_2[BLO],[1]!NO_2[BHI],,-1) - _xlfn.XLOOKUP(D13,[1]!NO_2[BLO],[1]!NO_2[BLO],,-1) )) * ( D13 - _xlfn.XLOOKUP(D13,[1]!NO_2[BLO],[1]!NO_2[BLO],,-1)) + _xlfn.XLOOKUP(D13,[1]!NO_2[BLO],[1]!NO_2[ILO],,-1),2) -> 21.25 | K13: =ROUND(( ( _xlfn.XLOOKUP(E13,[1]!SO_2[BLO],[1]!SO_2[IHI],,-1) - _xlfn.XLOOKUP(E13,[1]!SO_2[BLO],[1]!SO_2[ILO],,-1) ) / ( _xlfn.XLOOKUP(E13,[1]!SO_2[BLO],[1]!SO_2[BHI],,-1)- _xlfn.XLOOKUP(E13,[1]!SO_2[BLO],[1]!SO_2[BLO],,-1) )) * ( E13 - _xlfn.XLOOKUP(E13,[1]!SO_2[BLO],[1]!SO_2[BLO],,-1) ) + _xlfn.XLOOKUP(E13,[1]!SO_2[BLO],[1]!SO_2[ILO],,-1),2) -> 10 | L13: =( ( _xlfn.XLOOKUP(F13,[1]!CO[BLO],[1]!CO[IHI],,-1) - _xlfn.XLOOKUP(F13,[1]!CO[BLO],[1]!CO[ILO],,-1) ) / ( _xlfn.XLOOKUP(F13,[1]!CO[BLO],[1]!CO[BHI],,-1) - _xlfn.XLOOKUP(F13,[1]!CO[BLO],[1]!CO[BLO],,-1))) * ( F13 - _xlfn.XLOOKUP(F13,[1]!CO[BLO],[1]!CO[BLO],,-1) ) + _xlfn.XLOOKUP(F13,[1]!CO[BLO],[1]!CO[ILO],,-1) -> 30 | M13: =(( _xlfn.XLOOKUP(G13,[1]!O_3[BLO],[1]!O_3[IHI],,-1) - _xlfn.XLOOKUP(G13,[1]!O_3[BLO],[1]!O_3[ILO],,-1)) / ( _xlfn.XLOOKUP(G13,[1]!O_3[BLO],[1]!O_3[BHI],,-1) - _xlfn.XLOOKUP(G13,[1]!O_3[BLO],[1]!O_3[BLO],,-1))) * ( G13 - _xlfn.XLOOKUP(G13,[1]!O_3[BLO],[1]!O_3[BLO],,-1)) + _xlfn.XLOOKUP(G13,[1]!O_3[BLO],[1]!O_3[ILO],,-1) -> 32 | N13: =MAX(DAILY_DATA[[#This Row],[AQI_PM2.5]:[AQI_O3]]) -> 93 | O13: =_xlfn.XLOOKUP(DAILY_DATA[[#This Row],[OVERALL_AQI]],[1]!CATEGORY[AQI_LO],[1]!CATEGORY[CATEGORY],,-1) -> Satisfactory | P13: {=INDEX( {"PM2.5","PM10","NO2","SO2","CO","O3"}, MATCH(N13,H13:M13,0) )} -> PM10
... A367: 45657 | B367: =ROUND(AVERAGEIFS([1]HOURLY_DATA!B367:B9150,[1]HOURLY_DATA!H367:H9150,Daily_AQI!A367),0) -> 31 | C367: =ROUND(AVERAGEIFS([1]HOURLY_DATA!C367:C9150,[1]HOURLY_DATA!H367:H9150,Daily_AQI!A367),0) -> 66 | D367: =ROUND(AVERAGEIFS([1]HOURLY_DATA!D367:D9150,[1]HOURLY_DATA!H367:H9150,Daily_AQI!A367),0) -> 22 | E367: =ROUND(AVERAGEIFS([1]HOURLY_DATA!E367:E9150,[1]HOURLY_DATA!H367:H9150,Daily_AQI!A367),0) -> 10 | F367: =ROUND(AVERAGEIFS([1]HOURLY_DATA!I367:I9150,[1]HOURLY_DATA!H367:H9150,Daily_AQI!A367),2) -> 0.68 | G367: =ROUND(AVERAGEIFS([1]HOURLY_DATA!J367:J9150,[1]HOURLY_DATA!H367:H9150,Daily_AQI!A367),0) -> 26 | H367: =ROUND(((_xlfn.XLOOKUP(B367,[1]!PM2.5[BLO],[1]!PM2.5[IHI],,-1) - _xlfn.XLOOKUP(B367,[1]!PM2.5[BLO],[1]!PM2.5[ILO],,-1)) / (_xlfn.XLOOKUP(B367,[1]!PM2.5[BLO],[1]!PM2.5[BHI],,-1) - _xlfn.XLOOKUP(B367,[1]!PM2.5[BLO],[1]!PM2.5[BLO],,-1))) * (B367 - _xlfn.XLOOKUP(B367,[1]!PM2.5[BLO],[1]!PM2.5[BLO],,-1)) + _xlfn.XLOOKUP(B367,[1]!PM2.5[BLO],[1]!PM2.5[ILO],,-1),2) -> 51 | I367: =ROUND(((_xlfn.XLOOKUP(C367,[1]!PM_10[BLO],[1]!PM_10[IHI],,-1) - _xlfn.XLOOKUP(C367,[1]!PM_10[BLO],[1]!PM_10[ILO],,-1)) / (_xlfn.XLOOKUP(C367,[1]!PM_10[BLO],[1]!PM_10[BHI],,-1) - _xlfn.XLOOKUP(C367,[1]!PM_10[BLO],[1]!PM_10[BLO],,-1))) * ( C367 - _xlfn.XLOOKUP(C367,[1]!PM_10[BLO],[1]!PM_10[BLO],,-1)) + _xlfn.XLOOKUP(C367,[1]!PM_10[BLO],[1]!PM_10[ILO],,-1),2) -> 66 | J367: =ROUND((( _xlfn.XLOOKUP(D367,[1]!NO_2[BLO],[1]!NO_2[IHI],,-1) - _xlfn.XLOOKUP(D367,[1]!NO_2[BLO],[1]!NO_2[ILO],,-1)) / ( _xlfn.XLOOKUP(D367,[1]!NO_2[BLO],[1]!NO_2[BHI],,-1) - _xlfn.XLOOKUP(D367,[1]!NO_2[BLO],[1]!NO_2[BLO],,-1) )) * ( D367 - _xlfn.XLOOKUP(D367,[1]!NO_2[BLO],[1]!NO_2[BLO],,-1)) + _xlfn.XLOOKUP(D367,[1]!NO_2[BLO],[1]!NO_2[ILO],,-1),2) -> 27.5 | K367: =ROUND(( ( _xlfn.XLOOKUP(E367,[1]!SO_2[BLO],[1]!SO_2[IHI],,-1) - _xlfn.XLOOKUP(E367,[1]!SO_2[BLO],[1]!SO_2[ILO],,-1) ) / ( _xlfn.XLOOKUP(E367,[1]!SO_2[BLO],[1]!SO_2[BHI],,-1)- _xlfn.XLOOKUP(E367,[1]!SO_2[BLO],[1]!SO_2[BLO],,-1) )) * ( E367 - _xlfn.XLOOKUP(E367,[1]!SO_2[BLO],[1]!SO_2[BLO],,-1) ) + _xlfn.XLOOKUP(E367,[1]!SO_2[BLO],[1]!SO_2[ILO],,-1),2) -> 12.5 | L367: =( ( _xlfn.XLOOKUP(F367,[1]!CO[BLO],[1]!CO[IHI],,-1) - _xlfn.XLOOKUP(F367,[1]!CO[BLO],[1]!CO[ILO],,-1) ) / ( _xlfn.XLOOKUP(F367,[1]!CO[BLO],[1]!CO[BHI],,-1) - _xlfn.XLOOKUP(F367,[1]!CO[BLO],[1]!CO[BLO],,-1))) * ( F367 - _xlfn.XLOOKUP(F367,[1]!CO[BLO],[1]!CO[BLO],,-1) ) + _xlfn.XLOOKUP(F367,[1]!CO[BLO],[1]!CO[ILO],,-1) -> 34 | M367: =(( _xlfn.XLOOKUP(G367,[1]!O_3[BLO],[1]!O_3[IHI],,-1) - _xlfn.XLOOKUP(G367,[1]!O_3[BLO],[1]!O_3[ILO],,-1)) / ( _xlfn.XLOOKUP(G367,[1]!O_3[BLO],[1]!O_3[BHI],,-1) - _xlfn.XLOOKUP(G367,[1]!O_3[BLO],[1]!O_3[BLO],,-1))) * ( G367 - _xlfn.XLOOKUP(G367,[1]!O_3[BLO],[1]!O_3[BLO],,-1)) + _xlfn.XLOOKUP(G367,[1]!O_3[BLO],[1]!O_3[ILO],,-1) -> 26 | N367: =MAX(DAILY_DATA[[#This Row],[AQI_PM2.5]:[AQI_O3]]) -> 66 | O367: =_xlfn.XLOOKUP(DAILY_DATA[[#This Row],[OVERALL_AQI]],[1]!CATEGORY[AQI_LO],[1]!CATEGORY[CATEGORY],,-1) -> Satisfactory | P367: {=INDEX( {"PM2.5","PM10","NO2","SO2","CO","O3"}, MATCH(N367,H367:M367,0) )} -> PM10
